{
  "type": "minecraft:flat_cache",
  "argument": {
    "type": "minecraft:cache_2d",
    "argument": {
      "type": "minecraft:add",
      "argument1": {
        "type": "minecraft:mul",
        "argument1": {
          "type": "minecraft:blend_offset"
        },
        "argument2": {
          "type": "minecraft:add",
          "argument1": 1,
          "argument2": {
            "type": "minecraft:mul",
            "argument1": -1,
            "argument2": {
              "type": "minecraft:cache_once",
              "argument": {
                "type": "minecraft:blend_alpha"
              }
            }
          }
        }
      },
      "argument2": {
        "type": "minecraft:mul",
        "argument1": {
          "type": "minecraft:add",
          "argument1": -0.5037500262260437,
          "argument2": {
            "type": "minecraft:spline",
            "spline": {
              "coordinate": "minecraft:overworld/continents",
              "points": [
                {
                  "location": -1,
                  "derivative": 0,
                  "value": -0.2222
                },
                {
                  "location": 1,
                  "derivative": 0,
                  "value": -0.12
                }
              ]
            }
          }
        },
        "argument2": {
          "type": "minecraft:cache_once",
          "argument": {
            "type": "minecraft:blend_alpha"
          }
        }
      }
    }
  }
}
