{
  "type": "minecraft:overworld",
  "generator": {
    "type": "minecraft:noise",
    "settings": "minecraft:overworld",
    "biome_source": {
      "type": "minecraft:multi_noise",
      "biomes": [
        {
          "biome": "minecraft:deep_ocean",
          "parameters": {
            "temperature": [
              -2,
              2
            ],
            "humidity": [
              -2,
              2
            ],
            "continentalness": [
              -2,
              2
            ],
            "erosion": [
              -2,
              2
            ],
            "weirdness": [
              -2,
              2
            ],
            "depth": [
              -2,
              2
            ],
            "offset": 0
          }
        }
      ]
    }
  }
}
