{
  "type": "minecraft:overworld",
  "generator": {
    "type": "minecraft:noise",
    "settings": "minecraft:overworld",
    "biome_source": {
      "type": "minecraft:multi_noise",
      "biomes": [
        {
          "biome": "minecraft:deep_ocean",
          "parameters": {
            "temperature": 0,
            "humidity": 2,
            "continentalness": -1.5,
            "erosion": 1,
            "weirdness": 0,
            "depth": -1.5,
            "offset": 0
          }
        }
      ]
    }
  }
}
